address,txid
0x70997970C51812dc3A010C7d01b50e0d17dc79C8,J2q3w5JYUFTpryLh5GmzmTFusuyFXNgD3oGUNp7M9qDf
0x3C44CdDdB6a900fa2b585dd299e03d12FA4293BC,CEP9osHsYbtdxQqHgfLpALyoQhJG97DhyC97LD2gJWGw
0x90F79bf6EB2c4f870365E785982E1f101E93b906,C6CLmroXiB315SRvqeWkKDxog2UhpAzhpcneGhQ2gPvs
0x15d34AAf54267DB7D7c367839AAf71A00a2C6A65,8zYCPUezRbYQHgRtFdYC48QxY6jZ4fph1HtvcU4YQrrz
0x9965507D1a55bcC2695C58ba16FB37d819B0A4dc,359D7U9YkVqzgNXNmpbWGyQyHjGPzMUzkzH2UfRnpY9F
0x976EA74026E726554dB657fA54763abd0C3a0aa9,5DzzYd3psMoMhX8zStyRuTH59UKm3ruP3cDkvvi2ZFUC
0x14dC79964da2C08b23698B3D3cc7Ca32193d9955,6iBywW21YuuyfbRssH7bwgc8eoJjH2Hus3PAcMKvGtzv
0x23618e81E3f5cdF7f54C3d65f7FBc0aBf5B21E8f,5Gjdkr5Vvqf2LdcgYbBAh2YZrFhTUo1Mpjd3UmmiWmkx
0xa0Ee7A142d267C1f36714E4a8F75612F20a79720,5CUJUP2DAkmzVStxA6423DkucjsbJE5UGofdnopuEd47
0xBcd4042DE499D14e55001CcbB24a551F3b954096,9RmidfFy2jadsMA7jP4D7L7jqEvWXbeZYahqs42MSqRC